id,url,altText,productId,variantId,order
373,https://res.cloudinary.com/divhalkcr/image/upload/v1756937553/IMG_4872_qjjwl5.jpg,,38,167,4
374,https://res.cloudinary.com/divhalkcr/image/upload/v1757005873/photo_2025-09-03_22-04-19_guxkz8.jpg,,38,167,3
375,https://res.cloudinary.com/divhalkcr/image/upload/v1757005874/IMG_8372_b8qbyy.jpg,,38,167,2
376,https://res.cloudinary.com/divhalkcr/image/upload/v1757016040/DSC01808_ed1zbu.jpg,,38,167,1
392,https://res.cloudinary.com/divhalkcr/image/upload/v1757006572/photo_2025-09-03_22-08-11_3_sdyyom.jpg,,40,170,7
393,https://res.cloudinary.com/divhalkcr/image/upload/v1757006580/IMG_2090_fqfvqq.jpg,,40,170,2
394,https://res.cloudinary.com/divhalkcr/image/upload/v1757006584/IMG_1776_iknkq6.jpg,,40,170,3
395,https://res.cloudinary.com/divhalkcr/image/upload/v1758139904/endpauuo8gne3kg4hbbk.jpg,,40,170,4
396,https://res.cloudinary.com/divhalkcr/image/upload/v1758139911/akvkf08wpwf4vqinc8gu.jpg,,40,170,5
397,https://res.cloudinary.com/divhalkcr/image/upload/v1758140460/oriwokweeisqiv8xin5z.jpg,,40,170,6
398,https://res.cloudinary.com/divhalkcr/image/upload/v1758276457/fgnkuwm5dhylzw5cpmiv.jpg,,40,170,1
236,https://res.cloudinary.com/divhalkcr/image/upload/v1757881119/zryfc5jbdviytjdjgtyv.jpg,fbe,35,129,1
237,https://res.cloudinary.com/divhalkcr/image/upload/v1758138926/mzcsftxk2m6e4idwppp9.jpg,,35,129,2
238,https://res.cloudinary.com/divhalkcr/image/upload/v1758138934/ll4r9jjaeio0zrdmssvu.jpg,,35,129,3
239,https://res.cloudinary.com/divhalkcr/image/upload/v1756930504/IMG_1788-1-min_hvm68u.jpg,,35,130,1
247,https://res.cloudinary.com/divhalkcr/image/upload/v1756932346/59459202-IMG_8171_ercof0.jpg,,36,133,1
248,https://res.cloudinary.com/divhalkcr/image/upload/v1758139076/xnxyafhln7x1ojrs8zbr.jpg,,36,133,2
249,https://res.cloudinary.com/divhalkcr/image/upload/v1758139130/iqaw8c89lfnr5d2qed4d.jpg,,36,133,3
250,https://res.cloudinary.com/divhalkcr/image/upload/v1758139165/jy8psgbbagov5klx3ctk.jpg,,36,133,4
251,https://res.cloudinary.com/divhalkcr/image/upload/v1756932343/IMG_4409_wnp2qy.jpg,,36,134,1
252,https://res.cloudinary.com/divhalkcr/image/upload/v1756932343/IMG_4411_na9zxf.jpg,,36,134,2
298,https://res.cloudinary.com/divhalkcr/image/upload/v1756937705/photo_2025-09-03_22-08-11_bqqcli.jpg,,39,145,1
299,https://res.cloudinary.com/divhalkcr/image/upload/v1757006572/photo_2025-09-03_22-08-10_mdqcec.jpg,,39,145,2
300,https://res.cloudinary.com/divhalkcr/image/upload/v1757006574/IMG_1655-min_rnornj.jpg,,39,145,3
301,https://res.cloudinary.com/divhalkcr/image/upload/v1758139996/xsybh4jjcub1ngxozx0j.jpg,,39,145,4
302,https://res.cloudinary.com/divhalkcr/image/upload/v1758140515/darhjhoibnzmasszvuhg.jpg,,39,145,1
325,https://res.cloudinary.com/divhalkcr/image/upload/v1756927449/photo_2025-09-03_21-49-33_snfrty.jpg,,41,155,4
326,https://res.cloudinary.com/divhalkcr/image/upload/v1756927449/photo_2025-09-03_21-49-59_fv0daa.jpg,,41,155,2
327,https://res.cloudinary.com/divhalkcr/image/upload/v1757015849/DSC02706_jspqk9.jpg,,41,155,3
328,https://res.cloudinary.com/divhalkcr/image/upload/v1757015847/DSC02692_u1dugz.jpg,,41,155,1
329,https://res.cloudinary.com/divhalkcr/image/upload/v1758136658/zre71o8mugbkthr7wlll.jpg,,41,156,1
330,https://res.cloudinary.com/divhalkcr/image/upload/v1758136754/xajnpeubhxrm3ypdghv7.jpg,,41,156,2
349,https://res.cloudinary.com/divhalkcr/image/upload/v1758139290/bkkaqmvkyovucqz1trqb.jpg,,37,162,1
350,https://res.cloudinary.com/divhalkcr/image/upload/v1758139298/klnwcus7ku9zivxddac4.jpg,,37,162,2
351,https://res.cloudinary.com/divhalkcr/image/upload/v1758139780/ufzdhizonrsao3odlbhh.jpg,,37,162,3
352,https://res.cloudinary.com/divhalkcr/image/upload/v1758139654/prey6opo2z1sbuq8acyl.jpg,,37,163,1
353,https://res.cloudinary.com/divhalkcr/image/upload/v1758139660/a8mdlwpkaimwdo4rez1o.jpg,,37,163,2
354,https://res.cloudinary.com/divhalkcr/image/upload/v1758139739/ewhhktpgzjv6g8nduizv.jpg,,37,163,3
355,https://res.cloudinary.com/divhalkcr/image/upload/v1758139747/nq3cv6wn4peq0r7omoia.jpg,,37,163,4
356,https://res.cloudinary.com/divhalkcr/image/upload/v1758138297/q5gstxkdqwwwzfdena3c.jpg,,34,164,1
357,https://res.cloudinary.com/divhalkcr/image/upload/v1758138379/gvjyqowna2yqyzedrkrn.jpg,,34,164,2
358,https://res.cloudinary.com/divhalkcr/image/upload/v1758138403/xrncryuxzhtnpwctyc8s.jpg,,34,164,3
359,https://res.cloudinary.com/divhalkcr/image/upload/v1758138422/uehnil1c6sw0r7fv5jwu.jpg,,34,164,4
360,https://res.cloudinary.com/divhalkcr/image/upload/v1756927449/photo_2025-09-03_21-49-33_snfrty.jpg,,34,165,1
361,https://res.cloudinary.com/divhalkcr/image/upload/v1756927449/photo_2025-09-03_21-49-59_fv0daa.jpg,,34,165,2
362,https://res.cloudinary.com/divhalkcr/image/upload/v1758013993/iwgmmmtfivxt2zncdbmr.jpg,,34,165,3
363,https://res.cloudinary.com/divhalkcr/image/upload/v1758138440/bgkxbhvnipkx75nztuyd.jpg,,34,165,4
364,https://res.cloudinary.com/divhalkcr/image/upload/v1758138452/amxly4lc5b7uvnyyyxzy.jpg,,34,165,5